<?xml version="1.0" encoding="UTF-8"?>
<!DOCTYPE mapper
        PUBLIC "-//mybatis.org//DTD Mapper 3.0//EN"
        "http://mybatis.org/dtd/mybatis-3-mapper.dtd">

<mapper namespace="com.demo.dao.ArticleBaseDao">
    <insert id="insertArticle" parameterType="com.demo.dao.entity.ArticleEntity">
<!--        <selectKey keyProperty="uid" resultType="java.lang.String"-->
<!--                   order="AFTER">-->
<!--            SELECT LAST_INSERT_ID() AS uid-->
<!--        </selectKey>-->
        INSERT IGNORE INTO
        article(timestamp,aid,title,category,abstract,articleTags,authors,language,text,image,video)
        VALUES(#{timestamp},#{aid},#{title},#{category},#{Abstract},#{articleTags},#{authors},#{language},#{text},#{image},#{video});
    </insert>

    <insert id="importArticles" parameterType="java.util.List">
        INSERT IGNORE INTO
        article(timestamp,aid,title,category,abstract,articleTags,authors,language,text,image,video)
        VALUES
               <foreach collection="list" item="ArticleEntity" separator=",">
                   (#{ArticleEntity.timestamp},#{ArticleEntity.aid},#{ArticleEntity.title},#{ArticleEntity.category},#{ArticleEntity.Abstract},#{ArticleEntity.articleTags},#{ArticleEntity.authors},#{ArticleEntity.language},#{ArticleEntity.text},#{ArticleEntity.image},#{ArticleEntity.video})
               </foreach>

    </insert>

    <update id="updateArticle" parameterType="com.demo.dao.entity.ArticleEntity">
        UPDATE article
        SET aid=#{aid},timestamp=#{timestamp},aid=#{aid},title=#{title},category=#{category},abstract=#{abstract},articleTags=#{articleTags},authors=#{authors},language=#{language},text=#{text},image=#{image},video=#{video}
        WHERE aid=#{aid}
    </update>

    <select id="selectArticleById" resultType="com.demo.dao.entity.ArticleEntity" parameterType="java.lang.String">
        SELECT *
        FROM article
        WHERE aid=#{aid};
    </select>

    <delete id="deleteArticle" parameterType="com.demo.dao.entity.ArticleEntity">
        DELETE FROM article
        WHERE aid=#{aid};
    </delete>



</mapper>


