<?xml version="1.0" encoding="UTF-8"?>
<!DOCTYPE mapper
        PUBLIC "-//mybatis.org//DTD Mapper 3.0//EN"
        "http://mybatis.org/dtd/mybatis-3-mapper.dtd">

<mapper namespace="com.demo.dao.BeReadDao">
    <insert id="insertBeRead" parameterType="com.demo.dao.entity.BeReadEntity">
        <!--        <selectKey keyProperty="uid" resultType="java.lang.String"-->
        <!--                   order="AFTER">-->
        <!--            SELECT LAST_INSERT_ID() AS uid-->
        <!--        </selectKey>-->
        INSERT IGNORE INTO
        be_read(timestamp,aid,readNum,readUidList,commentNum,commentUidList,agreeNum,agreeUidList,shareNum,shareUidList)
        VALUES(#{timestamp},#{aid},#{readNum},#{readUidList},#{commentNum},#{commentUidList},#{agreeNum},#{agreeUidList},#{shareNum},#{shareUidList})

    </insert>

    <insert id="importBeReads" parameterType="java.util.List">
        INSERT IGNORE INTO
        be_read(timestamp,aid,readNum,readUidList,commentNum,commentUidList,agreeNum,agreeUidList,shareNum,shareUidList)
        VALUES
        <foreach collection="list" item="BeReadEntity" separator=",">
            (#{BeReadEntity.timestamp},#{BeReadEntity.aid},#{BeReadEntity.readNum},#{BeReadEntity.readUidList},#{BeReadEntity.commentNum},#{BeReadEntity.commentUidList},#{BeReadEntity.agreeNum},#{BeReadEntity.agreeUidList},#{BeReadEntity.shareNum},#{BeReadEntity.shareUidList})
        </foreach>

    </insert>

    <update id="updateBeRead" parameterType="com.demo.dao.entity.BeReadEntity">
        UPDATE be_read
        SET timestamp=#{timestamp},aid=#{aid},readNum=#{readNum},readUidList=#{readUidList},commentNum=#{commentNum},commentUidList=#{commentUidList},agreeNum=#{agreeNum},agreeUidList=#{agreeUidList},shareNum=#{shareNum},shareUidList=#{shareUidList}
        WHERE aid=#{aid};
    </update>

    <select id="selectBeReadById" resultType="com.demo.dao.entity.BeReadEntity" parameterType="java.util.HashMap">
        SELECT *
        FROM be_read
        WHERE aid=#{aid};
    </select>

    <delete id="deleteBeRead" parameterType="com.demo.dao.entity.BeReadEntity">
        DELETE FROM be_read
        WHERE aid=#{aid};
    </delete>






</mapper>


