<?xml version="1.0" encoding="UTF-8"?>
<!DOCTYPE mapper
        PUBLIC "-//mybatis.org//DTD Mapper 3.0//EN"
        "http://mybatis.org/dtd/mybatis-3-mapper.dtd">

<mapper namespace="com.demo.dao.PopularRankDao">
    <insert id="insertPop" parameterType="com.demo.dao.entity.PopularRankEntity">
<!--        <selectKey keyProperty="uid" resultType="java.lang.String"-->
<!--                   order="AFTER">-->
<!--            SELECT LAST_INSERT_ID() AS uid-->
<!--        </selectKey>-->
        INSERT IGNORE INTO
        Pop(timestamp,temporalGranularity,articleAidList)
        VALUES(#{timestamp},#{temporalGranularity},#{articleAidList});
    </insert>

<!--    <insert id="importUsers" parameterType="java.util.List">-->
<!--        INSERT IGNORE INTO-->
<!--            user(timestamp,uid,name,gender,email,phone,dept,grade,language,region,role,preferTags,obtainedCredits)-->
<!--        VALUES-->
<!--               <foreach collection="list" item="UserEntity" separator=",">-->
<!--                   (#{UserEntity.timestamp},#{UserEntity.uid},#{UserEntity.name},#{UserEntity.gender},#{UserEntity.email},#{UserEntity.phone},#{UserEntity.dept},#{UserEntity.grade},#{UserEntity.language},#{UserEntity.region},#{UserEntity.role},#{UserEntity.preferTags},#{UserEntity.obtainedCredits})-->
<!--               </foreach>-->

<!--    </insert>-->

<!--    <update id="updateUser" parameterType="com.demo.dao.entity.PopularRankEntity">-->
<!--        UPDATE user-->
<!--        SET uid=#{uid},timestamp=#{timestamp},name=#{name},gender=#{gender},email=#{email},phone=#{phone},dept=#{dept},grade=#{grade},language=#{language},region=#{region},role=#{role},preferTags=#{preferTags},obtainedCredits=#{obtainedCredits}-->
<!--        WHERE uid=#{uid}-->
<!--    </update>-->

    <select id="selectPopByTime" resultType="com.demo.dao.entity.PopularRankEntity" parameterType="java.lang.String">
        SELECT *
        FROM user
        WHERE timestamp=#{timestamp};
    </select>

    <delete id="deletePop" parameterType="com.demo.dao.entity.PopularRankEntity">
        DELETE FROM user
        WHERE timestamp=#{timestamp};
    </delete>





</mapper>


