<?xml version="1.0" encoding="UTF-8"?>
<!DOCTYPE mapper
        PUBLIC "-//mybatis.org//DTD Mapper 3.0//EN"
        "http://mybatis.org/dtd/mybatis-3-mapper.dtd">

<mapper namespace="com.demo.dao.ReadDao">
    <insert id="insertRead" parameterType="com.demo.dao.entity.ReadEntity">

        INSERT IGNORE INTO
        user_read(timestamp,uid,aid,readOrNot,readTimeLength,readSequence,agreeOrNot,commentOrNot,shareOrNot,commentDetail)
        VALUES(#{timestamp},#{uid},#{aid},#{readOrNot},#{readTimeLength},#{readSequence},#{agreeOrNot},#{commentOrNot},#{shareOrNot},#{commentDetail})

    </insert>

    <insert id="importReads" parameterType="java.util.List">
        INSERT IGNORE INTO
        user_read(timestamp,uid,aid,readOrNot,readTimeLength,readSequence,agreeOrNot,commentOrNot,shareOrNot,commentDetail)
        VALUES
        <foreach collection="list" item="ReadEntity" separator=",">
            (#{ReadEntity.timestamp},#{ReadEntity.uid},#{ReadEntity.aid},#{ReadEntity.readOrNot},#{ReadEntity.readTimeLength},#{ReadEntity.readSequence},#{ReadEntity.agreeOrNot},#{ReadEntity.commentOrNot},#{ReadEntity.shareOrNot},#{ReadEntity.commentDetail})
        </foreach>

    </insert>

    <update id="updateRead" parameterType="com.demo.dao.entity.ReadEntity">
        UPDATE user_read
        SET timestamp=#{timestamp},uid=#{uid},aid=#{aid},readOrNot=#{readOrNot},readTimeLength=#{readTimeLength},readSequence=#{readSequence},agreeOrNot=#{agreeOrNot},commentOrNot=#{commentOrNot},shareOrNot=#{shareOrNot},commentDetail=#{commentDetail}
        WHERE uid=#{uid} AND aid=#{aid};
    </update>

    <select id="selectReadById" resultType="com.demo.dao.entity.ReadEntity" parameterType="java.util.HashMap">
        SELECT *
        FROM user_read
        WHERE aid=#{aid} AND uid=#{uid};
    </select>

    <delete id="deleteRead" parameterType="com.demo.dao.entity.ReadEntity">
        DELETE FROM user_read
        WHERE aid=#{aid} AND uid=#{uid};
    </delete>

    <select id="selectUidsByAid" parameterType="java.lang.String" resultType="java.lang.String">
        SELECT uid
        FROM user_read
        WHERE aid=#{aid};
    </select>

    <select id="selectReadByAid" resultType="com.demo.dao.entity.ReadEntity" parameterType="java.lang.String">
        SELECT *
        FROM user_read
        WHERE aid=#{aid};
    </select>

</mapper>


