<?xml version="1.0" encoding="UTF-8"?>
<beans xmlns="http://www.springframework.org/schema/beans"
       xmlns:xsi="http://www.w3.org/2001/XMLSchema-instance"
       xmlns:context="http://www.springframework.org/schema/context" xmlns:tx="http://www.springframework.org/schema/tx"
       xsi:schemaLocation="http://www.springframework.org/schema/beans
                        http://www.springframework.org/schema/beans/spring-beans-3.1.xsd
                        http://www.springframework.org/schema/context
                        http://www.springframework.org/schema/context/spring-context-3.1.xsd
                        http://www.springframework.org/schema/tx
                        http://www.springframework.org/schema/tx/spring-tx.xsd">
    <!-- 自动扫描 -->
    <context:component-scan base-package="com.demo"/>
    <!-- 第一种方式：加载一个properties文件 -->
    <bean id="propertyConfigurer" class="org.springframework.beans.factory.config.PropertyPlaceholderConfigurer">
        <property name="location" value="classpath:jdbc.properties"/>
    </bean>
    <!-- 第二种方式：加载多个properties文件
    <bean id="configProperties" class="org.springframework.beans.factory.config.PropertiesFactoryBean">
        <property name="locations">
            <list>
                <value>classpath:jdbc.properties</value>
                <value>classpath:common.properties</value>
            </list>
        </property>
        <property name="fileEncoding" value="UTF-8"/>
    </bean>
    <bean id="propertyConfigurer" class="org.springframework.beans.factory.config.PreferencesPlaceholderConfigurer">
        <property name="properties" ref="configProperties"/>
    </bean>
    -->
    <!-- 配置数据源 -->
    <bean id="dataSourcebj" class="org.apache.commons.dbcp.BasicDataSource"
          destroy-method="close">
        <property name="driverClassName" value="${driverClasss}"/>
        <property name="url" value="${jdbcUrl_bj}"/>
        <property name="username" value="${username_bj}"/>
        <property name="password" value="${password_bj}"/>
        <!-- 初始化连接大小 -->
        <property name="initialSize" value="${initialSize}"></property>
        <!-- 连接池最大数量 -->
        <property name="maxActive" value="${maxActive}"></property>
        <!-- 连接池最大空闲 -->
        <property name="maxIdle" value="${maxIdle}"></property>
        <!-- 连接池最小空闲 -->
        <property name="minIdle" value="${minIdle}"></property>
        <!-- 获取连接最大等待时间 -->
        <property name="maxWait" value="${maxWait}"></property>
    </bean>
    <!-- 定义session工厂，指定数据访问映射文件和使用的数据源 -->
    <bean id="sqlSessionFactory_sitebj" class="org.mybatis.spring.SqlSessionFactoryBean">
        <property name="dataSource" ref="dataSourcebj"/>
        <!-- 自动扫描mapping.xml文件 -->
        <property name="mapperLocations" value="classpath:mappers/*.xml"></property>
    </bean>
    <!-- DAO接口所在包名，Spring会自动查找其下的类,
    定义session工厂和DAO扫描路径，自动进行DAO与session工厂的绑定-->
    <bean class="org.mybatis.spring.mapper.MapperScannerConfigurer">
        <property name="basePackage" value="com.demo.dao.bj"/>
        <property name="sqlSessionFactoryBeanName" value="sqlSessionFactory_sitebj"></property>
    </bean>
    <!-- (事务管理)transaction manager, use JtaTransactionManager for global tx -->
    <bean id="transactionManagerbj" class="org.springframework.jdbc.datasource.DataSourceTransactionManager">
        <property name="dataSource" ref="dataSourcebj"/>
    </bean>
    <!-- (事务管理)transaction manager, use JtaTransactionManager for global tx -->
    <tx:annotation-driven transaction-manager="transactionManagerbj"/>




    <!-- 配置数据源 -->
    <bean id="dataSourcehk" class="org.apache.commons.dbcp.BasicDataSource"
          destroy-method="close">
        <property name="driverClassName" value="${driverClasss}"/>
        <property name="url" value="${jdbcUrl_hk}"/>
        <property name="username" value="${username_hk}"/>
        <property name="password" value="${password_hk}"/>
        <!-- 初始化连接大小 -->
        <property name="initialSize" value="${initialSize}"></property>
        <!-- 连接池最大数量 -->
        <property name="maxActive" value="${maxActive}"></property>
        <!-- 连接池最大空闲 -->
        <property name="maxIdle" value="${maxIdle}"></property>
        <!-- 连接池最小空闲 -->
        <property name="minIdle" value="${minIdle}"></property>
        <!-- 获取连接最大等待时间 -->
        <property name="maxWait" value="${maxWait}"></property>
    </bean>
    <!-- 定义session工厂，指定数据访问映射文件和使用的数据源 -->
    <bean id="sqlSessionFactory_sitehk" class="org.mybatis.spring.SqlSessionFactoryBean">
        <property name="dataSource" ref="dataSourcehk"/>
        <!-- 自动扫描mapping.xml文件 -->
        <property name="mapperLocations" value="classpath:mappers/*.xml"></property>
    </bean>
    <!-- DAO接口所在包名，Spring会自动查找其下的类,
    定义session工厂和DAO扫描路径，自动进行DAO与session工厂的绑定-->
    <bean class="org.mybatis.spring.mapper.MapperScannerConfigurer">
        <property name="basePackage" value="com.demo.dao.hk"/>
        <property name="sqlSessionFactoryBeanName" value="sqlSessionFactory_sitehk"></property>
    </bean>
    <!-- (事务管理)transaction manager, use JtaTransactionManager for global tx -->
    <bean id="transactionManagerhk" class="org.springframework.jdbc.datasource.DataSourceTransactionManager">
        <property name="dataSource" ref="dataSourcehk"/>
    </bean>

    <!-- (事务管理)transaction manager, use JtaTransactionManager for global tx -->
    <tx:annotation-driven transaction-manager="transactionManagerhk"/>


</beans>

